Species	Pazifik: mean rel. freq. (%)	Pazifik: std. dev. (%)	Atlantik: mean rel. freq. (%)	Atlantik: std. dev. (%)	p-values	p-values (corrected)	Difference between means	95.0% lower CI	95.0% upper CI	Note	anantharaman_abe_1_1	anantharaman_abe_1_1: parent seq. count	anantharaman_abe_1_1: rel. freq. (%)	anantharaman_abe_2_2	anantharaman_abe_2_2: parent seq. count	anantharaman_abe_2_2: rel. freq. (%)	anantharaman_abe_background_3	anantharaman_abe_background_3: parent seq. count	anantharaman_abe_background_3: rel. freq. (%)	anantharaman_kilo_moana_km1_4	anantharaman_kilo_moana_km1_4: parent seq. count	anantharaman_kilo_moana_km1_4: rel. freq. (%)	anantharaman_kilo_moana_km4_1_5	anantharaman_kilo_moana_km4_1_5: parent seq. count	anantharaman_kilo_moana_km4_1_5: rel. freq. (%)	anantharaman_kilo_moana_km4_2_6	anantharaman_kilo_moana_km4_2_6: parent seq. count	anantharaman_kilo_moana_km4_2_6: rel. freq. (%)	anantharaman_mariner_7	anantharaman_mariner_7: parent seq. count	anantharaman_mariner_7: rel. freq. (%)	anantharaman_mariner_background_8	anantharaman_mariner_background_8: parent seq. count	anantharaman_mariner_background_8: rel. freq. (%)	anantharaman_tahi_moana_9	anantharaman_tahi_moana_9: parent seq. count	anantharaman_tahi_moana_9: rel. freq. (%)	anantharaman_tahi_moana_background_10	anantharaman_tahi_moana_background_10: parent seq. count	anantharaman_tahi_moana_background_10: rel. freq. (%)	anantharaman_tui_malila_11	anantharaman_tui_malila_11: parent seq. count	anantharaman_tui_malila_11: rel. freq. (%)	anderson_hulk_cellular_12	anderson_hulk_cellular_12: parent seq. count	anderson_hulk_cellular_12: rel. freq. (%)	anderson_hulk_virome_13	anderson_hulk_virome_13: parent seq. count	anderson_hulk_virome_13: rel. freq. (%)	axial_seamount_unpublished_anemone_14	axial_seamount_unpublished_anemone_14: parent seq. count	axial_seamount_unpublished_anemone_14: rel. freq. (%)	axial_seamount_unpublished_dependable_15	axial_seamount_unpublished_dependable_15: parent seq. count	axial_seamount_unpublished_dependable_15: rel. freq. (%)	axial_seamount_unpublished_elguapo_16	axial_seamount_unpublished_elguapo_16: parent seq. count	axial_seamount_unpublished_elguapo_16: rel. freq. (%)	axial_seamount_unpublished_marker113_18	axial_seamount_unpublished_marker113_18: parent seq. count	axial_seamount_unpublished_marker113_18: rel. freq. (%)	axial_seamount_unpublished_marker33_17	axial_seamount_unpublished_marker33_17: parent seq. count	axial_seamount_unpublished_marker33_17: rel. freq. (%)	axial_seamount_unpublished_marshmallow_19	axial_seamount_unpublished_marshmallow_19: parent seq. count	axial_seamount_unpublished_marshmallow_19: rel. freq. (%)	axial_seamount_unpublished_n3_20	axial_seamount_unpublished_n3_20: parent seq. count	axial_seamount_unpublished_n3_20: rel. freq. (%)	lesniewski_guaymas_basin_GD1_26	lesniewski_guaymas_basin_GD1_26: parent seq. count	lesniewski_guaymas_basin_GD1_26: rel. freq. (%)	lesniewski_guaymas_basin_GD2_27	lesniewski_guaymas_basin_GD2_27: parent seq. count	lesniewski_guaymas_basin_GD2_27: rel. freq. (%)	nakai_fryer_28	nakai_fryer_28: parent seq. count	nakai_fryer_28: rel. freq. (%)	tang_kueishantao_G1_31	tang_kueishantao_G1_31: parent seq. count	tang_kueishantao_G1_31: rel. freq. (%)	tang_kueishantao_G2_32	tang_kueishantao_G2_32: parent seq. count	tang_kueishantao_G2_32: rel. freq. (%)	xie_4143-1_33	xie_4143-1_33: parent seq. count	xie_4143-1_33: rel. freq. (%)	cayman_rise_unpublished_beebe_21	cayman_rise_unpublished_beebe_21: parent seq. count	cayman_rise_unpublished_beebe_21: rel. freq. (%)	cayman_rise_unpublished_beebe_background_22	cayman_rise_unpublished_beebe_background_22: parent seq. count	cayman_rise_unpublished_beebe_background_22: rel. freq. (%)	cayman_rise_unpublished_von_damm_2041_23	cayman_rise_unpublished_von_damm_2041_23: parent seq. count	cayman_rise_unpublished_von_damm_2041_23: rel. freq. (%)	cayman_rise_unpublished_von_damm_2238_24	cayman_rise_unpublished_von_damm_2238_24: parent seq. count	cayman_rise_unpublished_von_damm_2238_24: rel. freq. (%)	perner_sisters_peak_29	perner_sisters_peak_29: parent seq. count	perner_sisters_peak_29: rel. freq. (%)	
[Eubacterium] cylindroides	0.00183372973552	0.00658732965608	0.0414399473399	0.0828798946797	0.0276429842214	0.0276429842214	-0.0396062176043	-0.074536724275	-0.00467571093371		1e-06	0.778531	0.000128447036791	0.0	0.747344	0.0	0.0	0.613682	0.0	0.0	0.650786	0.0	1e-06	0.772173	0.000129504657635	0.0	0.762772	0.0	0.0	0.853421	0.0	0.0	0.751409	0.0	0.0	0.603498	0.0	0.0	0.846079	0.0	0.0	0.625589	0.0	0.0	0.769731	0.0	0.0	0.776584	0.0	0.0	0.814418	0.0	6e-06	0.820059	0.000731654673627	0.0	0.813907	0.0	0.0	0.841758	0.0	0.0	0.807879	0.0	0.000118	0.822798	0.0143413085593	5e-06	0.861636	0.000580291445576	0.0	0.757838	0.0	0.0	0.775905	0.0	0.000279	0.878304	0.0317657667505	0.0	0.892261	0.0	0.0	0.852495	0.0	0.0	0.902856	0.0	0.0	0.808631	0.0	0.0	0.82537	0.0	0.0	0.867831	0.0	0.0	0.859428	0.0	0.001939	0.935812	0.207199736699	
Acetobacter pasteurianus	0.0599252456452	0.127748505761	0.541528070683	0.383453063497	3.06226638354e-05	3.06226638354e-05	-0.481602825038	-0.681306615492	-0.281899034584		1.2e-05	0.778531	0.00154136444149	0.000103	0.747344	0.0137821404868	0.000382	0.613682	0.0622472225029	0.004013	0.650786	0.616638956585	2.2e-05	0.772173	0.00284910246797	0.000168	0.762772	0.0220249301233	1.2e-05	0.853421	0.00140610554463	0.001055	0.751409	0.140402896425	0.001075	0.603498	0.178128179381	5.1e-05	0.846079	0.0060278059141	0.001187	0.625589	0.189741187905	2e-05	0.769731	0.0025983103188	8e-06	0.776584	0.00103015256559	0.0	0.814418	0.0	0.000753	0.820059	0.0918226615402	0.0	0.813907	0.0	1e-06	0.841758	0.000118798989733	0.0	0.807879	0.0	1e-06	0.822798	0.000121536513215	9.3e-05	0.861636	0.0107934208877	3.2e-05	0.757838	0.00422253832613	7.4e-05	0.775905	0.00953725004994	0.001681	0.878304	0.191391591066	0.0	0.892261	0.0	1.7e-05	0.852495	0.00199414659324	8.7e-05	0.902856	0.00963608814695	0.008185	0.808631	1.01220457786	0.007763	0.82537	0.940547875498	0.002708	0.867831	0.312042321604	0.003794	0.859428	0.441456410543	1.3e-05	0.935812	0.00138916790979	
Acidimicrobium ferrooxidans	0.0680879618146	0.0922526312307	0.185116096645	0.167372186854	0.0402914784353	0.0402914784353	-0.11702813483	-0.228511781683	-0.00554448797678		0.000337	0.778531	0.0432866513986	0.000183	0.747344	0.0244867156223	0.000399	0.613682	0.0650173868551	0.00046	0.650786	0.0706837577944	0.000192	0.772173	0.0248648942659	0.00019	0.762772	0.0249091471632	0.00026	0.853421	0.0304656201336	0.0011	0.751409	0.146391645562	0.000276	0.603498	0.0457333744271	7.4e-05	0.846079	0.00874622818909	0.000867	0.625589	0.138589393356	7.7e-05	0.769731	0.0100034947274	5e-05	0.776584	0.00643845353497	0.000254	0.814418	0.0311879157877	0.001529	0.820059	0.186449999329	0.000744	0.813907	0.091410935156	0.000292	0.841758	0.0346893050022	0.000322	0.807879	0.0398574539009	7.1e-05	0.822798	0.00862909243824	0.000131	0.861636	0.0152036358741	0.001259	0.757838	0.166130492269	0.000108	0.775905	0.0139192298026	0.000562	0.878304	0.0639869566801	0.000191	0.892261	0.0214062925534	0.003864	0.852495	0.453257790368	4.1e-05	0.902856	0.00454114498879	0.003747	0.808631	0.463375754825	0.002349	0.82537	0.284599634103	0.000744	0.867831	0.0857309775751	0.000785	0.859428	0.0913398213696	5e-06	0.935812	0.000534295349921	
Advenella kashmirensis	0.0521932686916	0.123812718357	0.692545331727	0.393831814657	3.89555727657e-07	3.89555727657e-07	-0.640352063036	-0.841308700409	-0.439395425662		8.9e-05	0.778531	0.0114317862744	5.3e-05	0.747344	0.00709178102721	0.000211	0.613682	0.0343826281364	0.001643	0.650786	0.252463943601	2.3e-05	0.772173	0.00297860712561	7.5e-05	0.762772	0.00983255809075	0.00025	0.853421	0.029293865513	9.3e-05	0.751409	0.0123767482157	0.000147	0.603498	0.0243579929014	7e-06	0.846079	0.000827345909779	0.000646	0.625589	0.103262685245	0.000345	0.769731	0.0448208529993	3.5e-05	0.776584	0.00450691747448	3e-06	0.814418	0.000368361210091	0.005008	0.820059	0.610687767587	2.6e-05	0.813907	0.00319446816405	1e-06	0.841758	0.000118798989733	0.0	0.807879	0.0	5e-06	0.822798	0.000607682566073	3e-06	0.861636	0.000348174867345	0.000471	0.757838	0.0621504859878	0.000176	0.775905	0.022683189308	0.000983	0.878304	0.111920246293	0.0	0.892261	0.0	5.2e-05	0.852495	0.00609974252048	1.1e-05	0.902856	0.0012183559726	0.008498	0.808631	1.05091197345	0.008999	0.82537	1.09029889625	0.005201	0.867831	0.599310234366	0.006205	0.859428	0.721991836431	2e-06	0.935812	0.000213718139968	
Alcanivorax dieselolei	0.125457358119	0.113073455932	2.57075804461	1.63871133206	5.25489155767e-08	5.25489155767e-08	-2.44530068649	-3.1332404597	-1.75736091328		0.000946	0.778531	0.121510896804	0.000696	0.747344	0.0931298036781	9.7e-05	0.613682	0.0158062318921	0.002336	0.650786	0.358950561321	0.000672	0.772173	0.0870271299307	0.000794	0.762772	0.104094014987	0.0029	0.853421	0.339808839951	0.002274	0.751409	0.302631456371	0.000194	0.603498	0.0321459226045	0.002657	0.846079	0.314036868898	0.000103	0.625589	0.0164644838704	0.00089	0.769731	0.115624809187	0.001682	0.776584	0.216589576916	0.001068	0.814418	0.131136590792	0.000245	0.820059	0.0298758991731	0.001968	0.813907	0.241796667187	0.000341	0.841758	0.0405104554991	0.00025	0.807879	0.0309452281839	0.001711	0.822798	0.20794897411	7e-05	0.861636	0.00812408023806	0.001161	0.757838	0.153198968645	0.001795	0.775905	0.23134275459	0.000554	0.878304	0.0630761103217	2e-06	0.892261	0.000224149660245	3.7e-05	0.852495	0.00434020140881	1.4e-05	0.902856	0.00155063487422	0.01344	0.808631	1.66206835998	0.025044	0.82537	3.03427553703	0.042201	0.867831	4.86281315141	0.028315	0.859428	3.29463317462	0.0	0.935812	0.0	
Alicycliphilus denitrificans	0.132525689487	0.566619250662	0.938335990998	0.832796934776	0.0150264030516	0.0150264030516	-0.805810301511	-1.44330066458	-0.168319938444		0.0	0.778531	0.0	0.0	0.747344	0.0	1e-06	0.613682	0.000162950844248	7e-06	0.650786	0.00107562240122	0.0	0.772173	0.0	0.0	0.762772	0.0	7.8e-05	0.853421	0.00913968604007	0.0	0.751409	0.0	0.0	0.603498	0.0	0.0	0.846079	0.0	0.0	0.625589	0.0	0.002475	0.769731	0.321540901951	0.000661	0.776584	0.0851163557323	0.0	0.814418	0.0	0.024171	0.820059	2.94747085271	0.0	0.813907	0.0	3e-06	0.841758	0.0003563969692	0.0	0.807879	0.0	0.0	0.822798	0.0	1e-06	0.861636	0.000116058289115	8e-06	0.757838	0.00105563458153	1e-06	0.775905	0.000128881757432	0.00067	0.878304	0.076283382519	2e-06	0.892261	0.000224149660245	1e-06	0.852495	0.000117302740779	2.6e-05	0.902856	0.0028797504807	0.005608	0.808631	0.69351780973	0.00133	0.82537	0.16113985243	0.017117	0.867831	1.97238863327	0.016016	0.859428	1.86356506886	1e-05	0.935812	0.00106859069984	
Alistipes shahii	0.00510995346523	0.0134633084752	0.155335366572	0.310497917297	0.0244055222347	0.0244055222347	-0.150225413107	-0.279617763947	-0.0208330622663		6e-06	0.778531	0.000770682220747	1e-05	0.747344	0.00133807189193	2.4e-05	0.613682	0.00391082026196	1.4e-05	0.650786	0.00215124480244	4e-06	0.772173	0.00051801863054	7e-06	0.762772	0.000917705421804	9e-06	0.853421	0.00105457915847	5e-06	0.751409	0.000665416570736	1.1e-05	0.603498	0.0018227069518	3e-06	0.846079	0.000354576818477	5e-06	0.625589	0.000799246789825	2e-06	0.769731	0.00025983103188	5.2e-05	0.776584	0.00669599167637	4e-06	0.814418	0.000491148280122	5e-05	0.820059	0.00609712228023	5e-06	0.813907	0.000614320800779	9e-06	0.841758	0.0010691909076	8e-06	0.807879	0.000990247301886	2.7e-05	0.822798	0.0032814858568	0.000311	0.861636	0.0360941279148	0.0	0.757838	0.0	0.0	0.775905	0.0	0.000553	0.878304	0.0629622545269	0.0	0.892261	0.0	0.0	0.852495	0.0	0.0	0.902856	0.0	0.0	0.808631	0.0	0.0	0.82537	0.0	3e-06	0.867831	0.000345689425706	0.0	0.859428	0.0	0.007265	0.935812	0.776331143435	
Anaerobaculum mobile	0.0260104633612	0.0384254750594	0.147590113699	0.167299757893	0.00353775291449	0.00353775291449	-0.121579650338	-0.199899372923	-0.0432599277528		0.000256	0.778531	0.0328824414185	1.9e-05	0.747344	0.00254233659466	0.000221	0.613682	0.0360121365789	0.000121	0.650786	0.0185929015068	4.6e-05	0.772173	0.00595721425121	2.4e-05	0.762772	0.00314641858904	2.4e-05	0.853421	0.00281221108925	0.000206	0.751409	0.0274151627143	0.000134	0.603498	0.0222038846856	2e-06	0.846079	0.000236384545651	0.000155	0.625589	0.0247766504846	2e-06	0.769731	0.00025983103188	1.9e-05	0.776584	0.00244661234329	0.000101	0.814418	0.0124014940731	1e-06	0.820059	0.000121942445605	4.4e-05	0.813907	0.00540602304686	0.001191	0.841758	0.141489596772	9.8e-05	0.807879	0.0121305294481	3.9e-05	0.822798	0.00473992401537	0.000414	0.861636	0.0480481316937	0.001168	0.757838	0.154122648904	0.000308	0.775905	0.0396955812889	0.000446	0.878304	0.0507796844828	3e-06	0.892261	0.000336224490368	4e-06	0.852495	0.000469210963114	0.000246	0.902856	0.0272468699327	0.002815	0.808631	0.348119228672	0.002941	0.82537	0.356325042102	6.5e-05	0.867831	0.00748993755697	0.000219	0.859428	0.0254820648152	5e-06	0.935812	0.000534295349921	
Aquifex aeolicus	0.0572392527255	0.0448636791438	0.00441969720685	0.00356313823743	0.0165194425024	0.0165194425024	0.0528195555186	0.0103676628884	0.0952714481488		0.001168	0.778531	0.150026138972	0.000459	0.747344	0.0614174998394	0.000148	0.613682	0.0241167249488	5.7e-05	0.650786	0.00875863955279	0.000594	0.772173	0.0769257666352	0.000321	0.762772	0.0420833486284	2.8e-05	0.853421	0.00328091293746	0.000121	0.751409	0.0161030810118	0.000111	0.603498	0.01839277015	0.000642	0.846079	0.075879439154	0.000571	0.625589	0.091273983398	0.001136	0.769731	0.147584026108	0.000666	0.776584	0.0857602010858	0.000459	0.814418	0.0563592651439	1.5e-05	0.820059	0.00182913668407	0.000301	0.813907	0.0369821122069	7.7e-05	0.841758	0.00914752220947	0.000241	0.807879	0.0298311999693	0.000742	0.822798	0.0901800928053	5.9e-05	0.861636	0.00684743905779	0.000208	0.757838	0.0274464991199	0.000606	0.775905	0.0781023450036	0.000313	0.878304	0.0356368637738	0.001123	0.892261	0.125860034228	0.001167	0.852495	0.136892298489	0.000465	0.902856	0.0515032297509	3.1e-05	0.808631	0.00383363981841	1.4e-05	0.82537	0.00169620897295	5.4e-05	0.867831	0.00622240966271	8.8e-05	0.859428	0.0102393685102	1e-06	0.935812	0.000106859069984	
Aromatoleum aromaticum	0.0628734717548	0.0838846082825	0.304586132714	0.24812342046	0.000677643581073	0.000677643581073	-0.241712660959	-0.371638342387	-0.111786979531		1.4e-05	0.778531	0.00179825851508	6e-06	0.747344	0.000802843135156	1e-06	0.613682	0.000162950844248	1.8e-05	0.650786	0.00276588617456	6e-06	0.772173	0.00077702794581	7e-06	0.762772	0.000917705421804	0.000458	0.853421	0.0536663616199	4e-06	0.751409	0.000532333256589	2e-06	0.603498	0.000331401263964	1.4e-05	0.846079	0.00165469181956	2e-06	0.625589	0.00031969871593	0.001094	0.769731	0.142127574438	0.002546	0.776584	0.327846054001	0.001134	0.814418	0.139240537414	0.000245	0.820059	0.0298758991731	0.000505	0.813907	0.0620464008787	0.000964	0.841758	0.114522226103	0.001602	0.807879	0.198297022203	0.000237	0.822798	0.0288041536319	0.001465	0.861636	0.170025393554	0.000108	0.757838	0.0142510668507	8.1e-05	0.775905	0.010439422352	0.000375	0.878304	0.0426959230517	0.000867	0.892261	0.0971688777163	5e-06	0.852495	0.000586513703893	0.001743	0.902856	0.193054041841	0.001665	0.808631	0.205903557989	0.000974	0.82537	0.118007681403	0.005019	0.867831	0.578338409206	0.005304	0.859428	0.617154665661	3.3e-05	0.935812	0.00352634930948	
Bordetella bronchiseptica	0.00760025967113	0.0195563272654	0.0533856873933	0.0323795918248	0.000306992064666	0.000306992064666	-0.0457854277222	-0.0686399605894	-0.0229308948549		4e-06	0.778531	0.000513788147164	2e-06	0.747344	0.000267614378385	1.4e-05	0.613682	0.00228131181948	0.000116	0.650786	0.0178245997916	1e-06	0.772173	0.000129504657635	3e-06	0.762772	0.00039330232363	1.4e-05	0.853421	0.00164045646873	2e-06	0.751409	0.000266166628294	1.8e-05	0.603498	0.00298261137568	0.0	0.846079	0.0	4.7e-05	0.625589	0.00751291982436	3.9e-05	0.769731	0.00506670512166	5e-06	0.776584	0.000643845353497	0.0	0.814418	0.0	0.000551	0.820059	0.0671902875281	1e-06	0.813907	0.000122864160156	0.0	0.841758	0.0	0.0	0.807879	0.0	0.0	0.822798	0.0	0.0	0.861636	0.0	7.1e-05	0.757838	0.00936875691111	7e-06	0.775905	0.000902172302022	0.000704	0.878304	0.0801544795424	0.0	0.892261	0.0	2e-06	0.852495	0.000234605481557	1e-06	0.902856	0.000110759633873	0.000793	0.808631	0.0980669798709	0.000417	0.82537	0.050522795837	0.000401	0.867831	0.0462071532361	0.000619	0.859428	0.0720246489526	1e-06	0.935812	0.000106859069984	
Bordetella petrii	0.0105925932828	0.0289338223256	0.299318995088	0.240798018559	3.60607361679e-06	3.60607361679e-06	-0.288726401805	-0.392266846246	-0.185185957364		2e-06	0.778531	0.000256894073582	0.0	0.747344	0.0	1e-06	0.613682	0.000162950844248	1.5e-05	0.650786	0.00230490514547	0.0	0.772173	0.0	1e-06	0.762772	0.000131100774543	2.2e-05	0.853421	0.00257786016515	1e-06	0.751409	0.000133083314147	1e-06	0.603498	0.000165700631982	0.0	0.846079	0.0	2e-06	0.625589	0.00031969871593	0.000331	0.769731	0.0430020357761	9.4e-05	0.776584	0.0121042926457	0.0	0.814418	0.0	0.001042	0.820059	0.12706402832	0.0	0.813907	0.0	1e-06	0.841758	0.000118798989733	0.0	0.807879	0.0	0.0	0.822798	0.0	0.0	0.861636	0.0	1.7e-05	0.757838	0.00224322348576	4e-06	0.775905	0.000515527029727	0.000709	0.878304	0.0807237585164	0.0	0.892261	0.0	6e-06	0.852495	0.000703816444671	2.6e-05	0.902856	0.0028797504807	0.00271	0.808631	0.335134319609	0.000438	0.82537	0.0530671092964	0.005378	0.867831	0.619705910483	0.004199	0.859428	0.488580776982	1e-06	0.935812	0.000106859069984	
Burkholderia xenovorans	0.00857672523898	0.0302193386014	0.081123028487	0.0502997767397	0.000235917192534	0.000235917192534	-0.072546303248	-0.107926944043	-0.0371656624526		1e-06	0.778531	0.000128447036791	0.0	0.747344	0.0	0.0	0.613682	0.0	2.5e-05	0.650786	0.00384150857578	0.0	0.772173	0.0	0.0	0.762772	0.0	6e-06	0.853421	0.000703052772313	0.0	0.751409	0.0	0.0	0.603498	0.0	0.0	0.846079	0.0	0.0	0.625589	0.0	2.4e-05	0.769731	0.00311797238256	6e-06	0.776584	0.000772614424196	0.0	0.814418	0.0	0.000539	0.820059	0.0657269781808	1e-06	0.813907	0.000122864160156	0.0	0.841758	0.0	0.0	0.807879	0.0	0.0	0.822798	0.0	0.0	0.861636	0.0	1.7e-05	0.757838	0.00224322348576	2e-06	0.775905	0.000257763514863	0.001282	0.878304	0.145963128939	0.0	0.892261	0.0	1e-06	0.852495	0.000117302740779	0.0	0.902856	0.0	0.000838	0.808631	0.103631940898	0.000397	0.82537	0.0480996401614	0.000954	0.867831	0.109929237375	0.001228	0.859428	0.142885733302	1e-05	0.935812	0.00106859069984	
Calyptogena okutanii thioautotrophic gill symbiont	6.3113655784	5.62086995976	0.32706911499	0.174096673518	0.0286865792815	0.0286865792815	5.98429646341	0.668326483569	11.3002664433		0.054144	0.778531	6.95463636002	0.122993	0.747344	16.4573476204	0.00892	0.613682	1.4535215307	0.003649	0.650786	0.560706591721	0.102333	0.772173	13.2526001298	0.106508	0.762772	13.9632812951	0.030493	0.853421	3.57303136436	0.079821	0.751409	10.6228432185	0.010752	0.603498	1.78161319507	0.136473	0.846079	16.1300540493	0.013546	0.625589	2.16531940299	0.001684	0.769731	0.218777728843	0.021726	0.776584	2.79763683001	0.095771	0.814418	11.7594404839	0.003589	0.820059	0.437651437275	0.099364	0.813907	12.2082744097	0.012919	0.841758	1.53476414837	0.035584	0.807879	4.40461999879	0.137676	0.822798	16.7326609933	0.036399	0.861636	4.2244056655	0.055147	0.757838	7.27688503348	0.068564	0.775905	8.83664881654	0.000302	0.878304	0.034384450031	0.000311	0.892261	0.0348552721681	0.038725	0.852495	4.54254863665	0.019294	0.902856	2.13699637594	0.003536	0.808631	0.4372822709	0.004139	0.82537	0.501472067073	0.002811	0.867831	0.323910991887	0.003202	0.859428	0.37257338602	1e-06	0.935812	0.000106859069984	
Campylobacter curvus	0.0149385523583	0.015692679395	0.0508932233258	0.0407996273823	0.00279169018284	0.00279169018284	-0.0359546709674	-0.0584603379478	-0.0134490039871		0.000416	0.778531	0.0534339673051	3.2e-05	0.747344	0.00428183005417	0.000149	0.613682	0.024279675793	0.000126	0.650786	0.019361203222	0.00012	0.772173	0.0155405589162	5.3e-05	0.762772	0.0069483410508	0.000292	0.853421	0.0342152349192	1.9e-05	0.751409	0.0025285829688	5e-05	0.603498	0.00828503159911	3e-06	0.846079	0.000354576818477	4e-05	0.625589	0.0063939743186	0.000242	0.769731	0.0314395548575	0.000303	0.776584	0.0390170284219	9.3e-05	0.814418	0.0114191975128	6.2e-05	0.820059	0.00756043162748	0.000148	0.813907	0.0181838957031	5e-05	0.841758	0.00593994948667	5.2e-05	0.807879	0.00643660746226	1.5e-05	0.822798	0.00182304769822	1.9e-05	0.861636	0.00220510749319	7e-06	0.757838	0.000923680258842	2e-06	0.775905	0.000257763514863	0.000488	0.878304	0.0555616278646	0.000209	0.892261	0.0234236394956	2.6e-05	0.852495	0.00304987126024	5e-05	0.902856	0.00553798169365	0.00088	0.808631	0.108825904523	0.000707	0.82537	0.0856585531337	0.000155	0.867831	0.0178606203282	0.000362	0.859428	0.0421210386443	0.0	0.935812	0.0	
Candidatus Arthromitus sp. SFB-mouse	0.00142757650409	0.00713788252044	0.536624877646	1.07324975529	0.0201366093778	0.0201366093778	-0.535197301142	-0.980328454375	-0.0900661479094		0.0	0.778531	0.0	0.0	0.747344	0.0	0.0	0.613682	0.0	0.0	0.650786	0.0	0.0	0.772173	0.0	0.0	0.762772	0.0	0.0	0.853421	0.0	0.0	0.751409	0.0	0.0	0.603498	0.0	0.0	0.846079	0.0	0.0	0.625589	0.0	0.0	0.769731	0.0	0.0	0.776584	0.0	0.0	0.814418	0.0	0.0	0.820059	0.0	0.0	0.813907	0.0	0.0	0.841758	0.0	0.0	0.807879	0.0	0.0	0.822798	0.0	0.0	0.861636	0.0	0.0	0.757838	0.0	0.0	0.775905	0.0	0.000326	0.878304	0.0371169891063	0.0	0.892261	0.0	0.0	0.852495	0.0	0.0	0.902856	0.0	0.0	0.808631	0.0	0.0	0.82537	0.0	0.0	0.867831	0.0	0.0	0.859428	0.0	0.025109	0.935812	2.68312438823	
Candidatus Portiera aleyrodidarum	0.0873015280504	0.108848084827	0.324886485854	0.189762285833	0.000784733711282	0.000784733711282	-0.237584957804	-0.36715483902	-0.108015076588		0.000245	0.778531	0.0314695240138	3e-06	0.747344	0.000401421567578	0.000759	0.613682	0.123679690784	3.5e-05	0.650786	0.0053781120061	3e-05	0.772173	0.00388513972905	8e-06	0.762772	0.00104880619635	0.0	0.853421	0.0	5.2e-05	0.751409	0.00692033233565	4.5e-05	0.603498	0.0074565284392	0.0	0.846079	0.0	1.1e-05	0.625589	0.00175834293762	0.002578	0.769731	0.334922200093	0.00063	0.776584	0.0811245145406	0.000294	0.814418	0.0360993985889	0.001071	0.820059	0.130600359242	0.000373	0.813907	0.0458283317381	0.00214	0.841758	0.254229838029	0.001154	0.807879	0.142843173297	7.2e-05	0.822798	0.00875062895146	0.000699	0.861636	0.0811247440915	0.000689	0.757838	0.0909165283346	0.000447	0.775905	0.0576101455719	0.001036	0.878304	0.117954603417	0.000338	0.892261	0.0378812925814	0.003414	0.852495	0.400471557018	0.002415	0.902856	0.267484515803	0.004299	0.808631	0.531639276753	0.004089	0.82537	0.495414177884	0.002371	0.867831	0.273209876116	0.002786	0.859428	0.324169098517	0.0	0.935812	0.0	
Candidatus Ruthia magnifica	10.7462464496	9.79859187681	0.367628506411	0.196005709707	0.0294407247292	0.0294407247292	10.3786179432	1.11204172522	19.6451941612		0.075704	0.778531	9.72395447323	0.20232	0.747344	27.0718705175	0.022893	0.613682	3.73043367738	0.012855	0.650786	1.97530370967	0.152206	0.772173	19.71138592	0.174284	0.762772	22.8487673905	0.048198	0.853421	5.64762291999	0.114114	0.751409	15.1866693106	0.034618	0.603498	5.73622447796	0.240527	0.846079	28.4284328059	0.043929	0.625589	7.02202244605	0.001589	0.769731	0.206435754829	0.018302	0.776584	2.35673153194	0.188438	0.814418	23.1377499024	0.002392	0.820059	0.291686329886	0.189594	0.813907	23.2943075806	0.02341	0.841758	2.78108434966	0.05867	0.807879	7.2622261502	0.256524	0.822798	31.1770325159	0.064544	0.861636	7.49086621265	0.103035	0.757838	13.5959136385	0.112588	0.775905	14.5105393057	0.000269	0.878304	0.0306272088024	0.000469	0.892261	0.0525630953275	0.037575	0.852495	4.40765048475	0.015568	0.902856	1.72430598013	0.004375	0.808631	0.541037877598	0.00402	0.82537	0.487054290803	0.002904	0.867831	0.334627364084	0.004085	0.859428	0.475316140503	1e-06	0.935812	0.000106859069984	
Candidatus Solibacter usitatus	0.335017642655	0.391313524796	0.877405508454	0.708603967856	0.0259326632412	0.0259326632412	-0.542387865799	-1.01492672381	-0.0698490077861		0.007442	0.778531	0.955902847799	0.002737	0.747344	0.36623027682	0.001435	0.613682	0.233834461496	0.006362	0.650786	0.977587102365	0.003245	0.772173	0.420242614026	0.005285	0.762772	0.692867593462	0.007154	0.853421	0.838273255521	0.010295	0.751409	1.37009271914	0.004912	0.603498	0.813921504297	0.001168	0.846079	0.13804857466	0.004806	0.625589	0.76823601438	1e-06	0.769731	0.00012991551594	3e-06	0.776584	0.000386307212098	0.000406	0.814418	0.0498515504323	0.004389	0.820059	0.535205393758	0.001054	0.813907	0.129498824804	0.000825	0.841758	0.09800916653	0.000279	0.807879	0.0345348746533	9.7e-05	0.822798	0.0117890417818	0.000341	0.861636	0.0395758765883	0.000592	0.757838	0.0781169590335	0.000328	0.775905	0.0422732164376	0.000428	0.878304	0.0487302801763	0.0	0.892261	0.0	0.0	0.852495	0.0	0.000606	0.902856	0.067120338127	0.014241	0.808631	1.76112466626	0.013753	0.82537	1.66628300035	0.003263	0.867831	0.37599486536	0.005014	0.859428	0.583411292162	2e-06	0.935812	0.000213718139968	
Candidatus Uzinura diaspidicola	0.109318897984	0.139899880416	0.362467186208	0.220724982219	0.00316710191094	0.00316710191094	-0.253148288224	-0.414026248208	-0.0922703282403		4.5e-05	0.778531	0.0057801166556	0.0	0.747344	0.0	7.8e-05	0.613682	0.0127101658514	9e-06	0.650786	0.00138294308728	2e-06	0.772173	0.00025900931527	2e-06	0.762772	0.000262201549087	0.0	0.853421	0.0	6e-06	0.751409	0.000798499884883	1.6e-05	0.603498	0.00265121011172	0.0	0.846079	0.0	1.3e-05	0.625589	0.00207804165355	0.002955	0.769731	0.383900349603	0.001378	0.776584	0.177443779424	0.000532	0.814418	0.0653227212562	0.000252	0.820059	0.0307294962923	0.000678	0.813907	0.0833019005857	0.00329	0.841758	0.390848676223	0.001751	0.807879	0.2167403782	0.000135	0.822798	0.016407429284	0.001766	0.861636	0.204958938577	0.00147	0.757838	0.193972854357	0.000658	0.775905	0.08480419639	0.000213	0.878304	0.0242512842934	0.001277	0.892261	0.143119558067	0.003402	0.852495	0.399063924129	0.003625	0.902856	0.401503672789	0.005048	0.808631	0.624264961398	0.004621	0.82537	0.559870118856	0.002692	0.867831	0.310198644667	0.002733	0.859428	0.318002206118	0.0	0.935812	0.0	
Colwellia psychrerythraea	0.119172779546	0.206060711444	0.517158540515	0.405364575294	0.00364828342055	0.00364828342055	-0.397985760969	-0.655341588543	-0.140629933395		6.2e-05	0.778531	0.00796371628105	8.6e-05	0.747344	0.0115074182706	9.5e-05	0.613682	0.0154803302036	0.000346	0.650786	0.0531664786888	7.9e-05	0.772173	0.0102308679532	0.000104	0.762772	0.0136344805525	0.003651	0.853421	0.427807611952	0.000224	0.751409	0.029810662369	0.000157	0.603498	0.0260149992212	0.000975	0.846079	0.115237466005	4.3e-05	0.625589	0.0068735223925	0.006956	0.769731	0.903692328879	0.004508	0.776584	0.580490970713	0.000476	0.814418	0.0584466453345	0.000465	0.820059	0.0567032372061	0.000325	0.813907	0.0399308520507	0.000137	0.841758	0.0162754615935	0.000229	0.807879	0.0283458290165	0.000976	0.822798	0.118619636898	0.000305	0.861636	0.0353977781801	0.000679	0.757838	0.0895969851076	0.002091	0.775905	0.26949175479	0.000568	0.878304	0.064670091449	2e-06	0.892261	0.000224149660245	0.00075	0.852495	0.0879770555839	0.000279	0.902856	0.0309019378506	0.003041	0.808631	0.376067699606	0.002077	0.82537	0.251644716915	0.009678	0.867831	1.11519408733	0.007244	0.859428	0.842886198728	0.0	0.935812	0.0	
Comamonas testosteroni	0.0534682461989	0.117213990594	0.277953912335	0.388858832117	0.0260072555206	0.0260072555206	-0.224485666136	-0.420168667681	-0.0288026645915		0.0	0.778531	0.0	1e-06	0.747344	0.000133807189193	1e-06	0.613682	0.000162950844248	0.001205	0.650786	0.185160713353	9e-06	0.772173	0.00116554191872	0.0	0.762772	0.0	0.00062	0.853421	0.0726487864723	5e-06	0.751409	0.000665416570736	1e-06	0.603498	0.000165700631982	0.000231	0.846079	0.0273024150227	0.0	0.625589	0.0	0.001025	0.769731	0.133163403838	0.001079	0.776584	0.138941827285	0.0	0.814418	0.0	0.00463	0.820059	0.564593523149	0.0	0.813907	0.0	0.0	0.841758	0.0	0.0	0.807879	0.0	0.0	0.822798	0.0	5e-06	0.861636	0.000580291445576	5e-06	0.757838	0.000659771613458	2e-06	0.775905	0.000257763514863	0.001299	0.878304	0.147898677451	0.001039	0.892261	0.116445748497	1e-06	0.852495	0.000117302740779	1e-06	0.902856	0.000110759633873	0.00022	0.808631	0.0272064761306	0.000121	0.82537	0.0146600918376	0.001488	0.867831	0.17146195515	0.001117	0.859428	0.129970166204	0.009793	0.935812	1.04647087235	
Conexibacter woesei	0.0810974514052	0.098109971601	0.592274819478	0.388982826423	4.56237693546e-06	4.56237693546e-06	-0.511177368073	-0.697267988912	-0.325086747233		0.003141	0.778531	0.403452142561	0.000574	0.747344	0.0768053265966	0.000141	0.613682	0.022976069039	0.001025	0.650786	0.157501851607	0.000705	0.772173	0.0913007836327	0.002077	0.762772	0.272296308727	0.000278	0.853421	0.0325747784505	0.001387	0.751409	0.184586556722	0.000329	0.603498	0.0545155079221	0.000184	0.846079	0.0217473781999	0.000811	0.625589	0.12963782931	2.6e-05	0.769731	0.00337780341444	2.4e-05	0.776584	0.00309045769678	0.000188	0.814418	0.0230839691657	0.001949	0.820059	0.237665826483	0.00098	0.813907	0.120406876953	9.9e-05	0.841758	0.0117610999836	6e-05	0.807879	0.00742685476414	0.000272	0.822798	0.0330579315944	3.9e-05	0.861636	0.00452627327549	0.000324	0.757838	0.0427532005521	0.000799	0.775905	0.102976524188	0.00056	0.878304	0.0637592450905	0.0	0.892261	0.0	5.9e-05	0.852495	0.00692086170593	3e-06	0.902856	0.000332278901619	0.007355	0.808631	0.909561963368	0.009195	0.82537	1.11404582187	0.00438	0.867831	0.504706561531	0.00372	0.859428	0.432846032477	2e-06	0.935812	0.000213718139968	
Coraliomargarita akajimensis	0.603577493971	0.451028849848	0.0911209495673	0.0610678109005	0.020419478055	0.020419478055	0.512456544404	0.0851815878429	0.939731500966		0.012183	0.778531	1.56487024923	0.004424	0.747344	0.591963004988	0.006476	0.613682	1.05526966735	0.002095	0.650786	0.321918418651	0.008859	0.772173	1.14728176199	0.006969	0.762772	0.913641297793	0.002131	0.853421	0.249700909633	0.005527	0.751409	0.735551477291	0.001868	0.603498	0.309528780543	0.001082	0.846079	0.127884039197	0.00358	0.625589	0.572260701515	0.001574	0.769731	0.20448702209	0.00458	0.776584	0.589762343803	0.009189	0.814418	1.12829038651	6.3e-05	0.820059	0.00768237407308	0.011666	0.813907	1.43333329238	0.011016	0.841758	1.3086896709	0.005676	0.807879	0.702580460688	0.006568	0.822798	0.798251818794	0.003723	0.861636	0.432085010376	0.004676	0.757838	0.617018412906	0.004932	0.775905	0.635644827653	0.000538	0.878304	0.0612544176048	0.000204	0.892261	0.022863265345	0.000481	0.852495	0.0564226183145	0.000946	0.902856	0.104778613644	0.001544	0.808631	0.190939996117	0.000858	0.82537	0.103953378485	0.000694	0.867831	0.0799694871467	0.000693	0.859428	0.080635027018	1e-06	0.935812	0.000106859069984	
Cupriavidus metallidurans	0.035352613732	0.144590180534	3.95279971758	4.42129902362	0.000150363706083	0.000150363706083	-3.91744710384	-5.75606477371	-2.07882943398		0.0	0.778531	0.0	0.0	0.747344	0.0	0.0	0.613682	0.0	3.5e-05	0.650786	0.0053781120061	0.0	0.772173	0.0	0.0	0.762772	0.0	4e-06	0.853421	0.000468701848209	0.0	0.751409	0.0	0.0	0.603498	0.0	0.0	0.846079	0.0	0.0	0.625589	0.0	0.000314	0.769731	0.0407934720052	0.00014	0.776584	0.0180276698979	0.0	0.814418	0.0	0.006156	0.820059	0.750677695141	0.0	0.813907	0.0	0.0	0.841758	0.0	0.0	0.807879	0.0	0.0	0.822798	0.0	0.0	0.861636	0.0	5e-06	0.757838	0.000659771613458	1e-06	0.775905	0.000128881757432	0.000901	0.878304	0.102584071119	0.0	0.892261	0.0	1e-06	0.852495	0.000117302740779	3e-06	0.902856	0.000332278901619	0.009529	0.808631	1.17841141386	0.001029	0.82537	0.124671359511	0.092473	0.867831	10.6556460878	0.067077	0.859428	7.80484229045	4e-06	0.935812	0.000427436279937	
Cupriavidus necator	0.0223425002245	0.0581858927704	0.721130532896	0.503827293486	2.99516946003e-07	2.99516946003e-07	-0.698788032672	-0.914850741711	-0.482725323633		8e-06	0.778531	0.00102757629433	1e-06	0.747344	0.000133807189193	1.9e-05	0.613682	0.00309606604072	0.000252	0.650786	0.0387224064439	1e-06	0.772173	0.000129504657635	2e-06	0.762772	0.000262201549087	0.000179	0.853421	0.0209744077073	3e-06	0.751409	0.000399249942441	1e-06	0.603498	0.000165700631982	9e-06	0.846079	0.00106373045543	2e-06	0.625589	0.00031969871593	0.000318	0.769731	0.0413131340689	0.000102	0.776584	0.0131344452113	0.0	0.814418	0.0	0.001628	0.820059	0.198522301444	2e-06	0.813907	0.000245728320312	3e-06	0.841758	0.0003563969692	2e-06	0.807879	0.000247561825471	1e-06	0.822798	0.000121536513215	0.0	0.861636	0.0	0.000134	0.757838	0.0176818792407	2.4e-05	0.775905	0.00309316217836	0.002105	0.878304	0.239666448064	0.0	0.892261	0.0	1e-06	0.852495	0.000117302740779	1e-06	0.902856	0.000110759633873	0.008434	0.808631	1.04299736221	0.001924	0.82537	0.233107575996	0.009277	0.867831	1.06898693409	0.010818	0.859428	1.25874418799	1.7e-05	0.935812	0.00181660418973	
Cupriavidus pinatubonensis	0.0101153194565	0.0269929849743	0.223772431435	0.151730553492	4.86144203921e-07	4.86144203921e-07	-0.213657111979	-0.281560850933	-0.145753373025		4e-06	0.778531	0.000513788147164	0.0	0.747344	0.0	2e-06	0.613682	0.000325901688497	0.000142	0.650786	0.0218197687105	0.0	0.772173	0.0	1e-06	0.762772	0.000131100774543	3e-06	0.853421	0.000351526386156	1e-06	0.751409	0.000133083314147	2e-06	0.603498	0.000331401263964	1e-06	0.846079	0.000118192272826	1e-06	0.625589	0.000159849357965	0.000244	0.769731	0.0316993858894	4.7e-05	0.776584	0.00605214632287	0.0	0.814418	0.0	0.0006	0.820059	0.0731654673627	1e-06	0.813907	0.000122864160156	0.0	0.841758	0.0	0.0	0.807879	0.0	1e-06	0.822798	0.000121536513215	0.0	0.861636	0.0	4e-05	0.757838	0.00527817290767	1.1e-05	0.775905	0.00141769933175	0.001065	0.878304	0.121256421467	0.0	0.892261	0.0	0.0	0.852495	0.0	0.0	0.902856	0.0	0.002848	0.808631	0.352200200091	0.000674	0.82537	0.0816603462689	0.002865	0.867831	0.330133401549	0.003048	0.859428	0.354654491127	2e-06	0.935812	0.000213718139968	
Cupriavidus taiwanensis	0.00785570584773	0.0230247402957	0.0996806460895	0.0810816136554	6.03078915407e-05	6.03078915407e-05	-0.0918249402418	-0.13188394575	-0.051765934734		1e-06	0.778531	0.000128447036791	0.0	0.747344	0.0	0.0	0.613682	0.0	3.2e-05	0.650786	0.004917130977	0.0	0.772173	0.0	0.0	0.762772	0.0	4e-06	0.853421	0.000468701848209	0.0	0.751409	0.0	0.0	0.603498	0.0	0.0	0.846079	0.0	0.0	0.625589	0.0	0.000183	0.769731	0.023774539417	3.1e-05	0.776584	0.00399184119168	0.0	0.814418	0.0	0.000562	0.820059	0.0685316544297	0.0	0.813907	0.0	0.0	0.841758	0.0	0.0	0.807879	0.0	1e-06	0.822798	0.000121536513215	1e-06	0.861636	0.000116058289115	9e-06	0.757838	0.00118758890422	2e-06	0.775905	0.000257763514863	0.000882	0.878304	0.100420811018	0.0	0.892261	0.0	0.0	0.852495	0.0	3e-06	0.902856	0.000332278901619	0.000748	0.808631	0.0925020188442	0.000199	0.82537	0.0241103989726	0.001493	0.867831	0.172038104193	0.001799	0.859428	0.209325272158	4e-06	0.935812	0.000427436279937	
Desulfurococcus kamchatkensis	0.00490174844024	0.0119940308457	0.0651626608763	0.130325321753	0.0335195729827	0.0335195729827	-0.0602609124361	-0.11548457841	-0.00503724646198		4e-06	0.778531	0.000513788147164	1e-06	0.747344	0.000133807189193	9e-06	0.613682	0.00146655759823	4e-06	0.650786	0.000614641372125	3e-06	0.772173	0.000388513972905	1e-06	0.762772	0.000131100774543	1e-06	0.853421	0.000117175462052	3e-06	0.751409	0.000399249942441	1.3e-05	0.603498	0.00215410821577	0.0	0.846079	0.0	1e-06	0.625589	0.000159849357965	0.000142	0.769731	0.0184480032635	8.2e-05	0.776584	0.0105590637973	8e-06	0.814418	0.000982296560243	0.0	0.820059	0.0	2e-06	0.813907	0.000245728320312	7e-06	0.841758	0.000831592928134	4e-06	0.807879	0.000495123650943	1e-06	0.822798	0.000121536513215	4e-06	0.861636	0.000464233156461	3e-06	0.757838	0.000395862968075	1e-06	0.775905	0.000128881757432	0.000393	0.878304	0.0447453273582	0.000389	0.892261	0.0435971089177	3e-06	0.852495	0.000351908222336	0.0	0.902856	0.0	0.0	0.808631	0.0	0.0	0.82537	0.0	0.0	0.867831	0.0	0.0	0.859428	0.0	0.003049	0.935812	0.325813304382	
Faecalibacterium prausnitzii	0.00593583721254	0.0218633664382	1.56078357619	3.12156715238	0.0202685390728	0.0202685390728	-1.55484773898	-2.84953632529	-0.260159152666		0.0	0.778531	0.0	0.0	0.747344	0.0	0.0	0.613682	0.0	0.0	0.650786	0.0	0.0	0.772173	0.0	0.0	0.762772	0.0	0.0	0.853421	0.0	0.0	0.751409	0.0	0.0	0.603498	0.0	0.0	0.846079	0.0	0.0	0.625589	0.0	0.0	0.769731	0.0	0.0	0.776584	0.0	0.0	0.814418	0.0	0.000258	0.820059	0.031461150966	0.0	0.813907	0.0	0.0	0.841758	0.0	0.0	0.807879	0.0	6.7e-05	0.822798	0.00814294638538	3.4e-05	0.861636	0.00394598182991	0.0	0.757838	0.0	0.0	0.775905	0.0	0.000973	0.878304	0.110781688345	0.0	0.892261	0.0	0.0	0.852495	0.0	0.0	0.902856	0.0	0.0	0.808631	0.0	0.0	0.82537	0.0	0.0	0.867831	0.0	0.0	0.859428	0.0	0.07303	0.935812	7.80391788094	
Gemmatimonas aurantiaca	0.0379441356059	0.110760138551	0.353632668942	0.190699722718	3.17291722567e-05	3.17291722567e-05	-0.315688533336	-0.446933366446	-0.184443700227		2.4e-05	0.778531	0.00308272888299	7e-06	0.747344	0.000936650324349	6e-06	0.613682	0.00097770506549	4.2e-05	0.650786	0.00645373440732	7e-06	0.772173	0.000906532603445	1.6e-05	0.762772	0.00209761239269	0.001289	0.853421	0.151039170585	0.000175	0.751409	0.0232895799758	2.3e-05	0.603498	0.00381111453559	0.000178	0.846079	0.021038224563	2.6e-05	0.625589	0.00415608330709	0.00017	0.769731	0.0220856377098	0.00012	0.776584	0.0154522884839	1.3e-05	0.814418	0.00159623191039	0.004667	0.820059	0.569105393636	5e-05	0.813907	0.00614320800779	2.6e-05	0.841758	0.00308877373307	2.5e-05	0.807879	0.00309452281839	3e-06	0.822798	0.000364609539644	0.000147	0.861636	0.0170605684999	3.2e-05	0.757838	0.00422253832613	3.4e-05	0.775905	0.00438197975268	0.000438	0.878304	0.0498688381244	0.0	0.892261	0.0	1.2e-05	0.852495	0.00140763288934	0.00064	0.902856	0.0708861656787	0.003946	0.808631	0.487985249143	0.004501	0.82537	0.545331184802	0.002937	0.867831	0.338429947766	0.003406	0.859428	0.39631010393	1e-06	0.935812	0.000106859069984	
Glaciecola psychrophila	0.346833605817	0.604513280788	1.26403699908	0.684507051805	0.00639893348535	0.00639893348535	-0.91720339326	-1.55547152905	-0.278935257475		0.000147	0.778531	0.0188817144083	0.000158	0.747344	0.0211415358924	0.000116	0.613682	0.0189022979328	0.000551	0.650786	0.0846668490103	0.000104	0.772173	0.013468484394	0.000234	0.762772	0.0306775812431	0.008248	0.853421	0.966463211006	0.002649	0.751409	0.352537699176	0.000262	0.603498	0.0434135655793	0.002133	0.846079	0.252104117937	0.000149	0.625589	0.0238175543368	0.010478	0.769731	1.36125477602	0.015899	0.776584	2.04729945505	0.000378	0.814418	0.0464135124715	0.001205	0.820059	0.146940646953	0.000484	0.813907	0.0594662535155	0.000136	0.841758	0.0161566626037	0.000315	0.807879	0.0389909875117	0.000562	0.822798	0.0683035204266	0.000438	0.861636	0.0508335306324	0.005793	0.757838	0.764411391353	0.016852	0.775905	2.17191537624	0.00053	0.878304	0.0603435712464	0.000132	0.892261	0.0147938775762	0.002812	0.852495	0.329855307069	0.000132	0.902856	0.0146202716712	0.010481	0.808631	1.29614125602	0.010847	0.82537	1.31419848068	0.014817	0.867831	1.70736007356	0.017209	0.859428	2.00237832605	1e-06	0.935812	0.000106859069984	
Helicobacter cetorum	0.0135821162134	0.0552125319766	0.344855590653	0.689711181306	0.0269559115704	0.0269559115704	-0.331273474439	-0.622025378761	-0.0405215701176		0.0	0.778531	0.0	0.0	0.747344	0.0	0.0	0.613682	0.0	0.0	0.650786	0.0	0.0	0.772173	0.0	0.0	0.762772	0.0	0.0	0.853421	0.0	0.0	0.751409	0.0	0.0	0.603498	0.0	0.0	0.846079	0.0	0.0	0.625589	0.0	0.0	0.769731	0.0	0.0	0.776584	0.0	0.0	0.814418	0.0	0.0	0.820059	0.0	0.0	0.813907	0.0	0.0	0.841758	0.0	1e-06	0.807879	0.000123780912736	0.0	0.822798	0.0	0.0	0.861636	0.0	0.0	0.757838	0.0	0.0	0.775905	0.0	0.00062	0.878304	0.0705905927788	0.002509	0.892261	0.281195748778	1e-06	0.852495	0.000117302740779	1e-05	0.902856	0.00110759633873	0.0	0.808631	0.0	0.0	0.82537	0.0	0.0	0.867831	0.0	0.0	0.859428	0.0	0.016136	0.935812	1.72427795326	
Hyphomonas neptunium	0.0621992779926	0.0928573077121	0.607552046658	0.315876096028	8.8308009944e-08	8.8308009944e-08	-0.545352768665	-0.703056992638	-0.387648544693		0.000126	0.778531	0.0161843266357	8.9e-05	0.747344	0.0119088398381	6.6e-05	0.613682	0.0107547557204	0.000444	0.650786	0.0682251923059	5.6e-05	0.772173	0.00725226082756	0.000163	0.762772	0.0213694262506	0.001841	0.853421	0.215720025638	0.002181	0.751409	0.290254708155	5.3e-05	0.603498	0.00878213349506	0.000405	0.846079	0.0478678704944	6.7e-05	0.625589	0.0107099069837	0.002681	0.769731	0.348303498235	0.000801	0.776584	0.10314402563	4.1e-05	0.814418	0.00503426987125	0.000259	0.820059	0.0315830934116	0.000294	0.813907	0.0361220630858	5.4e-05	0.841758	0.0064151454456	2.3e-05	0.807879	0.00284696099292	4e-05	0.822798	0.00486146052859	2.1e-05	0.861636	0.00243722407142	0.001497	0.757838	0.197535621069	0.000736	0.775905	0.0948569734697	0.000494	0.878304	0.0562447626334	4e-06	0.892261	0.00044829932049	0.000142	0.852495	0.0166569891906	1.5e-05	0.902856	0.00166139450809	0.005021	0.808631	0.620925984782	0.007363	0.82537	0.892084761986	0.006795	0.867831	0.782986549224	0.006374	0.859428	0.741656078229	1e-06	0.935812	0.000106859069984	
Idiomarina loihiensis	0.0858144781843	0.206320839226	0.827015507943	0.75836442559	0.000308110485482	0.000308110485482	-0.741201029759	-1.11130387848	-0.371098181038		1.3e-05	0.778531	0.00166981147828	3e-06	0.747344	0.000401421567578	6e-06	0.613682	0.00097770506549	1.7e-05	0.650786	0.00261222583153	7e-06	0.772173	0.000906532603445	6e-06	0.762772	0.00078660464726	0.00528	0.853421	0.618686439635	0.000301	0.751409	0.0400580775583	1.4e-05	0.603498	0.00231980884775	0.000442	0.846079	0.0522409845889	2e-06	0.625589	0.00031969871593	0.003606	0.769731	0.46847535048	0.00642	0.776584	0.82669743389	1.2e-05	0.814418	0.00147344484036	0.000125	0.820059	0.0152428057006	3.1e-05	0.813907	0.00380878896483	3.6e-05	0.841758	0.0042767636304	1.4e-05	0.807879	0.0017329327783	2.2e-05	0.822798	0.00267380329072	4.3e-05	0.861636	0.00499050643195	0.000345	0.757838	0.0455242413286	0.000376	0.775905	0.0484595407943	0.000479	0.878304	0.0545369257114	4e-06	0.892261	0.00044829932049	0.000112	0.852495	0.0131379069672	0.000169	0.902856	0.0187183781245	0.002512	0.808631	0.310648491092	0.003304	0.82537	0.400305317615	0.017441	0.867831	2.00972309125	0.012153	0.859428	1.41408006255	3e-06	0.935812	0.000320577209952	
Ilumatobacter coccineus	1.94116947267	1.90314912983	4.86220798958	3.18350240551	0.0121090217121	0.0121090217121	-2.92103851691	-5.15308764341	-0.688989390416		0.019807	0.778531	2.54415045772	0.011337	0.747344	1.51697210388	0.009766	0.613682	1.59137794493	0.011844	0.650786	1.81995310286	0.008464	0.772173	1.09612742222	0.019247	0.762772	2.52329660764	0.011662	0.853421	1.36650023845	0.034362	0.751409	4.57300884072	0.009669	0.603498	1.60215941064	0.013425	0.846079	1.58673126268	0.024756	0.625589	3.95723070578	0.000313	0.769731	0.0406635564892	0.001007	0.776584	0.129670454194	0.019986	0.814418	2.45402238163	0.004103	0.820059	0.500329854315	0.050203	0.813907	6.16814943231	0.008012	0.841758	0.951817505744	0.016907	0.807879	2.09276389162	0.011947	0.822798	1.45199672338	0.001256	0.861636	0.145769211129	0.04959	0.757838	6.54361486228	0.043784	0.775905	5.64295886739	0.000404	0.878304	0.045997741101	1e-06	0.892261	0.000112074830123	0.001064	0.852495	0.124810116188	2e-06	0.902856	0.000221519267746	0.065628	0.808631	8.11593916137	0.070968	0.82537	8.59832559943	0.030039	0.867831	3.4613882196	0.035537	0.859428	4.13495953122	4e-06	0.935812	0.000427436279937	
Leuconostoc kimchii	0.0018179356979	0.00904102296841	0.0467648903712	0.0934679601136	0.0278325017121	0.0278325017121	-0.0449469546733	-0.0846401440492	-0.00525376529735		0.0	0.778531	0.0	0.0	0.747344	0.0	0.0	0.613682	0.0	0.0	0.650786	0.0	0.0	0.772173	0.0	0.0	0.762772	0.0	0.0	0.853421	0.0	0.0	0.751409	0.0	0.0	0.603498	0.0	0.0	0.846079	0.0	0.0	0.625589	0.0	0.0	0.769731	0.0	0.0	0.776584	0.0	0.0	0.814418	0.0	2e-06	0.820059	0.000243884891209	0.0	0.813907	0.0	0.0	0.841758	0.0	0.0	0.807879	0.0	0.0	0.822798	0.0	0.0	0.861636	0.0	0.0	0.757838	0.0	0.0	0.775905	0.0	0.000413	0.878304	0.0470224432543	0.0	0.892261	0.0	0.0	0.852495	0.0	0.0	0.902856	0.0	1e-06	0.808631	0.000123665800594	0.0	0.82537	0.0	0.0	0.867831	0.0	0.0	0.859428	0.0	0.002187	0.935812	0.233700786055	
Marinobacter adhaerens	0.0185471707307	0.0509310488646	0.180209276044	0.129046202004	7.86564981224e-05	7.86564981224e-05	-0.161662105314	-0.233660070995	-0.0896641396329		1e-06	0.778531	0.000128447036791	3e-06	0.747344	0.000401421567578	2e-06	0.613682	0.000325901688497	2.5e-05	0.650786	0.00384150857578	2e-06	0.772173	0.00025900931527	3e-06	0.762772	0.00039330232363	0.002226	0.853421	0.260832578528	5e-06	0.751409	0.000665416570736	4e-06	0.603498	0.000662802527929	0.000222	0.846079	0.0262386845673	2e-06	0.625589	0.00031969871593	0.000152	0.769731	0.0197471584229	8.4e-05	0.776584	0.0108166019387	3e-06	0.814418	0.000368361210091	2.3e-05	0.820059	0.0028046762489	3e-06	0.813907	0.000368592480468	2e-06	0.841758	0.000237597979467	3e-06	0.807879	0.000371342738207	1.6e-05	0.822798	0.00194458421143	0.0	0.861636	0.0	0.000463	0.757838	0.0610948514062	0.000208	0.775905	0.0268074055458	0.000443	0.878304	0.0504381170984	1e-06	0.892261	0.000112074830123	9.8e-05	0.852495	0.0114956685963	1.4e-05	0.902856	0.00155063487422	0.000688	0.808631	0.0850820708086	0.00307	0.82537	0.37195439621	0.002166	0.867831	0.24958776536	0.00167	0.859428	0.194315288773	1e-06	0.935812	0.000106859069984	
Marinobacter hydrocarbonoclasticus	0.0340371232956	0.10186631466	0.440526584063	0.406219008243	0.000184085606532	0.000184085606532	-0.406489460767	-0.600547884363	-0.212431037172		1e-06	0.778531	0.000128447036791	2e-06	0.747344	0.000267614378385	3e-06	0.613682	0.000488852532745	0.000268	0.650786	0.0411809719324	3e-06	0.772173	0.000388513972905	1e-06	0.762772	0.000131100774543	0.004526	0.853421	0.530336141248	3e-06	0.751409	0.000399249942441	1e-05	0.603498	0.00165700631982	0.000162	0.846079	0.0191471481977	1e-06	0.625589	0.000159849357965	0.000196	0.769731	0.0254634411242	0.000319	0.776584	0.0410773335531	2e-06	0.814418	0.000245574140061	1.3e-05	0.820059	0.00158525179286	1e-06	0.813907	0.000122864160156	2e-06	0.841758	0.000237597979467	1e-06	0.807879	0.000123780912736	7e-06	0.822798	0.000850755592503	2e-06	0.861636	0.00023211657823	0.000162	0.757838	0.021376600276	0.000105	0.775905	0.0135325845303	0.000899	0.878304	0.102356359529	5.3e-05	0.892261	0.0059399659965	0.00039	0.852495	0.0457480689036	0.000287	0.902856	0.0317880149215	0.001157	0.808631	0.143081331287	0.001894	0.82537	0.229472842483	0.009404	0.867831	1.08362111978	0.006362	0.859428	0.740259800705	5.8e-05	0.935812	0.00619782605908	
Parvibaculum lavamentivorans	0.0680502017066	0.151085534352	0.331393110426	0.180018413389	0.00230825621801	0.00230825621801	-0.263342908719	-0.42454786147	-0.102137955969		5.6e-05	0.778531	0.0071930340603	5e-05	0.747344	0.00669035945963	6e-06	0.613682	0.00097770506549	0.000111	0.650786	0.0170562980765	2.4e-05	0.772173	0.00310811178324	5.9e-05	0.762772	0.00773494569806	6.6e-05	0.853421	0.00773358049544	0.000484	0.751409	0.0644123240472	7e-06	0.603498	0.00115990442388	0.000133	0.846079	0.0157195722858	1.5e-05	0.625589	0.00239774036948	0.00129	0.769731	0.167591015563	0.000288	0.776584	0.0370854923614	0.000324	0.814418	0.0397830106898	0.000193	0.820059	0.0235348920017	0.001272	0.813907	0.156283211718	0.000626	0.841758	0.0743681675731	0.000136	0.807879	0.0168342041321	0.000151	0.822798	0.0183520134954	2.7e-05	0.861636	0.00313357380611	0.00565	0.757838	0.745541923208	0.002312	0.775905	0.297974623182	0.000406	0.878304	0.0462254526906	2.6e-05	0.892261	0.00291394558319	4.5e-05	0.852495	0.00527862333503	2e-06	0.902856	0.000221519267746	0.00291	0.808631	0.359867479728	0.004536	0.82537	0.549571707234	0.003155	0.867831	0.363550046034	0.0033	0.859428	0.383976319133	0.0	0.935812	0.0	
Pirellula staleyi	0.710443659852	0.811271933967	2.6836319386	1.47891787931	0.000297574257999	0.000297574257999	-1.97318827874	-2.95539928764	-0.990977269843		0.019999	0.778531	2.56881228878	0.006039	0.747344	0.808061615534	0.001479	0.613682	0.241004298643	0.008512	0.650786	1.30795683988	0.008997	0.772173	1.16515340474	0.008915	0.762772	1.16876340505	0.001967	0.853421	0.230484133857	0.00393	0.751409	0.523017424598	0.002423	0.603498	0.401492631293	0.003004	0.846079	0.355049587568	0.003455	0.625589	0.552279531769	0.001575	0.769731	0.204616937605	8.8e-05	0.776584	0.0113316782215	0.005542	0.814418	0.680485942108	0.001115	0.820059	0.135965826849	0.014758	0.813907	1.81322927558	0.000305	0.841758	0.0362336918687	0.003984	0.807879	0.493143156339	0.00507	0.822798	0.616190121998	0.000112	0.861636	0.0129985283809	0.022821	0.757838	3.01132959815	0.015642	0.775905	2.01596844975	0.00036	0.878304	0.0409880861296	0.000251	0.892261	0.0281307823608	0.000339	0.852495	0.0397656291239	8.2e-05	0.902856	0.00908228997758	0.031509	0.808631	3.89658571091	0.034398	0.82537	4.16758544653	0.021713	0.867831	2.50198483345	0.02451	0.859428	2.85189684302	1e-06	0.935812	0.000106859069984	
Pseudomonas aeruginosa group	0.0365320859702	0.082076803802	0.895410815489	0.786301026719	1.29967944661e-05	1.29967944661e-05	-0.858878729519	-1.19407058668	-0.523686872354		1e-06	0.778531	0.000128447036791	1e-06	0.747344	0.000133807189193	1e-06	0.613682	0.000162950844248	0.00077	0.650786	0.118318464134	1e-06	0.772173	0.000129504657635	1e-06	0.762772	0.000131100774543	0.000156	0.853421	0.0182793720801	2e-06	0.751409	0.000266166628294	2e-06	0.603498	0.000331401263964	8e-06	0.846079	0.000945538182605	0.0	0.625589	0.0	0.002085	0.769731	0.270873850735	0.000484	0.776584	0.0623242302185	8e-06	0.814418	0.000982296560243	1.6e-05	0.820059	0.00195107912967	1.3e-05	0.813907	0.00159723408203	3e-06	0.841758	0.0003563969692	1e-06	0.807879	0.000123780912736	0.000739	0.822798	0.0898154832656	0.000285	0.861636	0.0330766123978	0.000105	0.757838	0.0138552038826	4.2e-05	0.775905	0.00541303381213	0.002898	0.878304	0.329954093344	0.0	0.892261	0.0	3e-06	0.852495	0.000351908222336	3e-06	0.902856	0.000332278901619	0.006915	0.808631	0.855149011106	0.01913	0.82537	2.31774840375	0.008009	0.867831	0.922875536827	0.003275	0.859428	0.381067407625	2e-06	0.935812	0.000213718139968	
Pseudomonas pertucinogena group	0.0108074684313	0.0237933639652	0.0827905014926	0.060557975533	0.000146895041885	0.000146895041885	-0.0719830330613	-0.105702024654	-0.0382640414683		0.0	0.778531	0.0	0.0	0.747344	0.0	2e-06	0.613682	0.000325901688497	0.000138	0.650786	0.0212051273383	0.0	0.772173	0.0	0.0	0.762772	0.0	1.3e-05	0.853421	0.00152328100668	0.0	0.751409	0.0	0.0	0.603498	0.0	4e-06	0.846079	0.000472769091302	0.0	0.625589	0.0	0.000311	0.769731	0.0404037254573	5.4e-05	0.776584	0.00695352981777	2e-06	0.814418	0.000245574140061	7e-06	0.820059	0.000853597119232	3e-06	0.813907	0.000368592480468	3e-06	0.841758	0.0003563969692	2e-06	0.807879	0.000247561825471	0.00037	0.822798	0.0449685098894	0.000522	0.861636	0.0605824269181	1.5e-05	0.757838	0.00197931484037	6e-06	0.775905	0.00077329054459	0.000875	0.878304	0.099623820454	0.0	0.892261	0.0	0.0	0.852495	0.0	1e-06	0.902856	0.000110759633873	0.000522	0.808631	0.06455354791	0.001471	0.82537	0.178223099943	0.001019	0.867831	0.117419174932	0.000462	0.859428	0.0537566846786	0.0	0.935812	0.0	
Pseudomonas stutzeri group	0.0422881230377	0.0968361215344	0.247369769872	0.162852524565	0.000931005113207	0.000931005113207	-0.205081646834	-0.318866499871	-0.0912967937973		1e-06	0.778531	0.000128447036791	1e-06	0.747344	0.000133807189193	0.0	0.613682	0.0	4.1e-05	0.650786	0.00630007406429	1e-06	0.772173	0.000129504657635	0.0	0.762772	0.0	0.000329	0.853421	0.0385507270152	1e-06	0.751409	0.000133083314147	2e-06	0.603498	0.000331401263964	1.5e-05	0.846079	0.00177288409238	0.0	0.625589	0.0	0.002107	0.769731	0.273731992086	0.001733	0.776584	0.223156799522	2e-06	0.814418	0.000245574140061	1.1e-05	0.820059	0.00134136690165	2e-06	0.813907	0.000245728320312	2e-06	0.841758	0.000237597979467	0.0	0.807879	0.0	0.000206	0.822798	0.0250365217222	0.000643	0.861636	0.074625479901	0.000111	0.757838	0.0146469298188	4.2e-05	0.775905	0.00541303381213	0.003473	0.878304	0.395421175356	2e-06	0.892261	0.000224149660245	2.1e-05	0.852495	0.00246335755635	0.000318	0.902856	0.0352215635716	0.001349	0.808631	0.166825165001	0.003886	0.82537	0.470819147776	0.003204	0.867831	0.369196306654	0.001974	0.859428	0.229687652718	3e-06	0.935812	0.000320577209952	
Pseudonocardia dioxanivorans	0.0342908248226	0.0531688430957	1.01134745953	0.675208630076	1.00363549845e-07	1.00363549845e-07	-0.977056634706	-1.26154617887	-0.692567090546		0.000259	0.778531	0.0332677825289	0.000143	0.747344	0.0191344280546	0.000236	0.613682	0.0384563992426	0.000505	0.650786	0.0775984732308	4.8e-05	0.772173	0.00621622356648	0.000247	0.762772	0.0323818913122	0.000127	0.853421	0.0148812836806	0.000308	0.751409	0.0409896607573	3.6e-05	0.603498	0.00596522275136	0.000162	0.846079	0.0191471481977	0.000105	0.625589	0.0167841825863	1e-06	0.769731	0.00012991551594	1.7e-05	0.776584	0.00218907420189	2.4e-05	0.814418	0.00294688968073	0.001518	0.820059	0.185108632428	0.000159	0.813907	0.0195354014648	2e-06	0.841758	0.000237597979467	8e-06	0.807879	0.000990247301886	4.3e-05	0.822798	0.00522607006823	0.0	0.861636	0.0	0.001592	0.757838	0.210071281725	0.000618	0.775905	0.0796489260928	0.000695	0.878304	0.0791297773892	0.0	0.892261	0.0	1.3e-05	0.852495	0.00152493563012	0.0	0.902856	0.0	0.011582	0.808631	1.43229730248	0.016524	0.82537	2.00201121921	0.006195	0.867831	0.713848664083	0.007804	0.859428	0.90804581652	5e-06	0.935812	0.000534295349921	
Roseburia intestinalis	0.00379725487307	0.017183575198	0.0524678033622	0.104935606724	0.0406427359962	0.0406427359962	-0.0486705484891	-0.0951226850267	-0.00221841195161		0.0	0.778531	0.0	0.0	0.747344	0.0	0.0	0.613682	0.0	0.0	0.650786	0.0	0.0	0.772173	0.0	0.0	0.762772	0.0	0.0	0.853421	0.0	0.0	0.751409	0.0	0.0	0.603498	0.0	0.0	0.846079	0.0	0.0	0.625589	0.0	0.0	0.769731	0.0	0.0	0.776584	0.0	0.0	0.814418	0.0	6.5e-05	0.820059	0.00792625896429	0.0	0.813907	0.0	0.0	0.841758	0.0	0.0	0.807879	0.0	6e-06	0.822798	0.000729219079288	6e-06	0.861636	0.000696349734691	0.0	0.757838	0.0	0.0	0.775905	0.0	0.000785	0.878304	0.0893767989216	0.0	0.892261	0.0	0.0	0.852495	0.0	0.0	0.902856	0.0	0.0	0.808631	0.0	0.0	0.82537	0.0	0.0	0.867831	0.0	0.0	0.859428	0.0	0.002455	0.935812	0.262339016811	
Rubrobacter xylanophilus	0.14388295178	0.172649065663	0.721365169397	0.634452059316	0.000660873094741	0.000660873094741	-0.577482217617	-0.887132272088	-0.267832163146		0.002244	0.778531	0.288235150559	0.000866	0.747344	0.115877025841	0.000854	0.613682	0.139160020988	0.003217	0.650786	0.494325323532	0.000619	0.772173	0.0801633830761	0.00147	0.762772	0.192718138579	0.000263	0.853421	0.0308171465197	0.003234	0.751409	0.430391437952	0.001532	0.603498	0.253853368197	0.00036	0.846079	0.0425492182172	0.004227	0.625589	0.675683236118	2.7e-05	0.769731	0.00350771893038	3e-06	0.776584	0.000386307212098	0.000446	0.814418	0.0547630332335	0.000139	0.820059	0.016949999939	0.001449	0.813907	0.178030168066	0.00014	0.841758	0.0166318585627	5.5e-05	0.807879	0.00680795020046	0.001255	0.822798	0.152528324084	0.000124	0.861636	0.0143912278503	0.002663	0.757838	0.351394361328	0.000783	0.775905	0.100914416069	0.00078	0.878304	0.0888075199475	1e-06	0.892261	0.000112074830123	0.000101	0.852495	0.0118475768186	1e-06	0.902856	0.000110759633873	0.011723	0.808631	1.44973418036	0.012532	0.82537	1.51834934635	0.002407	0.867831	0.277358149225	0.003104	0.859428	0.361170452906	2e-06	0.935812	0.000213718139968	
Ruminococcus albus	0.0011995255706	0.00545884211584	0.0632605694306	0.126521138861	0.0226497125849	0.0226497125849	-0.06206104386	-0.114783087414	-0.00933900030621		0.0	0.778531	0.0	1e-06	0.747344	0.000133807189193	3e-06	0.613682	0.000488852532745	0.0	0.650786	0.0	0.0	0.772173	0.0	0.0	0.762772	0.0	0.0	0.853421	0.0	0.0	0.751409	0.0	0.0	0.603498	0.0	0.0	0.846079	0.0	0.0	0.625589	0.0	3e-06	0.769731	0.00038974654782	0.0	0.776584	0.0	1e-06	0.814418	0.00012278707003	1e-05	0.820059	0.00121942445605	0.0	0.813907	0.0	0.0	0.841758	0.0	2e-06	0.807879	0.000247561825471	1e-06	0.822798	0.000121536513215	0.0	0.861636	0.0	0.0	0.757838	0.0	0.0	0.775905	0.0	0.00025	0.878304	0.0284639487011	0.0	0.892261	0.0	0.0	0.852495	0.0	0.0	0.902856	0.0	0.0	0.808631	0.0	0.0	0.82537	0.0	0.0	0.867831	0.0	0.0	0.859428	0.0	0.00296	0.935812	0.316302847153	
Shewanella halifaxensis	0.0078974060498	0.0171058691733	0.0640975975671	0.0492676901008	0.000129927244445	0.000129927244445	-0.0562001915173	-0.0822601841676	-0.030140198867		3.1e-05	0.778531	0.00398185814052	5e-06	0.747344	0.000669035945963	1.6e-05	0.613682	0.00260721350797	7.2e-05	0.650786	0.0110635446983	1.1e-05	0.772173	0.00142455123399	1.6e-05	0.762772	0.00209761239269	5e-06	0.853421	0.000585877310261	4.7e-05	0.751409	0.00625491576492	5.9e-05	0.603498	0.00977633728695	1.4e-05	0.846079	0.00165469181956	4e-05	0.625589	0.0063939743186	9.6e-05	0.769731	0.0124718895302	2.1e-05	0.776584	0.00270415048469	1.3e-05	0.814418	0.00159623191039	2e-06	0.820059	0.000243884891209	2.1e-05	0.813907	0.00258014736327	1.1e-05	0.841758	0.00130678888707	1.6e-05	0.807879	0.00198049460377	4e-06	0.822798	0.000486146052859	0.0	0.861636	0.0	5e-05	0.757838	0.00659771613458	0.000318	0.775905	0.0409843988633	0.000734	0.878304	0.0835701533865	0.0	0.892261	0.0	3.1e-05	0.852495	0.00363638496413	6e-06	0.902856	0.000664557803238	0.00042	0.808631	0.0519396362494	0.000294	0.82537	0.0356203884319	0.001255	0.867831	0.144613409754	0.000759	0.859428	0.0883145534006	0.0	0.935812	0.0	
Shewanella pealeana	0.00823215009632	0.0169292319896	0.0526604750662	0.032452887493	0.000155875293314	0.000155875293314	-0.0444283249699	-0.0653431135575	-0.0235135363823		1.7e-05	0.778531	0.00218359962545	4e-06	0.747344	0.000535228756771	5e-06	0.613682	0.000814754221242	3.7e-05	0.650786	0.00568543269216	1.3e-05	0.772173	0.00168356054926	1.6e-05	0.762772	0.00209761239269	2.2e-05	0.853421	0.00257786016515	5.6e-05	0.751409	0.00745266559224	3.4e-05	0.603498	0.0056338214874	3.1e-05	0.846079	0.00366396045759	1e-05	0.625589	0.00159849357965	0.000233	0.769731	0.030270315214	6.5e-05	0.776584	0.00836998959546	1e-05	0.814418	0.0012278707003	2e-06	0.820059	0.000243884891209	1.3e-05	0.813907	0.00159723408203	1.2e-05	0.841758	0.0014255878768	5e-06	0.807879	0.000618904563678	4e-06	0.822798	0.000486146052859	0.0	0.861636	0.0	0.000104	0.757838	0.0137232495599	0.000259	0.775905	0.0333803751748	0.000721	0.878304	0.0820900280541	2e-06	0.892261	0.000224149660245	3.8e-05	0.852495	0.00445750414958	1.8e-05	0.902856	0.00199367340971	0.000509	0.808631	0.0629458925023	0.000286	0.82537	0.0346511261616	0.000814	0.867831	0.0937970641749	0.000618	0.859428	0.0719082924922	0.0	0.935812	0.0	
Simiduia agarivorans	0.185273309113	0.183934687637	0.641908444363	0.342964377709	0.000261125077685	0.000261125077685	-0.456635135249	-0.681322623912	-0.231947646587		0.000925	0.778531	0.118813509032	0.000678	0.747344	0.0907212742726	0.000496	0.613682	0.0808236187472	0.0002	0.650786	0.0307320686063	0.000584	0.772173	0.0756307200588	0.00112	0.762772	0.146832867489	0.001824	0.853421	0.213728042783	0.001537	0.751409	0.204549053844	0.00031	0.603498	0.0513671959145	0.002351	0.846079	0.277870033413	0.000258	0.625589	0.041241134355	0.004879	0.769731	0.633857802271	0.003367	0.776584	0.433565461045	0.001198	0.814418	0.147098909896	0.000849	0.820059	0.103529136318	0.001891	0.813907	0.232336126855	0.00051	0.841758	0.060587484764	0.000798	0.807879	0.0987771683631	0.002126	0.822798	0.258386627094	0.000664	0.861636	0.0770627039724	0.003775	0.757838	0.498127568161	0.005592	0.775905	0.720706787558	0.000658	0.878304	0.0749171129814	1e-05	0.892261	0.00112074830123	0.000671	0.852495	0.0787101390624	0.000596	0.902856	0.0660127417883	0.005872	0.808631	0.726165581087	0.008433	0.82537	1.02172359063	0.006926	0.867831	0.798081654147	0.005702	0.859428	0.663464536878	1e-06	0.935812	0.000106859069984	
Singulisphaera acidiphila	0.356094507378	0.436289236387	1.15639060697	0.604155511059	0.00202798588728	0.00202798588728	-0.800296099596	-1.28299605137	-0.317596147821		0.016261	0.778531	2.08867726526	0.00264	0.747344	0.353250979469	0.000912	0.613682	0.148611169954	0.00591	0.650786	0.908132627315	0.005069	0.772173	0.656459109552	0.005142	0.762772	0.674120182702	0.000373	0.853421	0.0437064473454	0.001084	0.751409	0.144262312536	0.001117	0.603498	0.185087605924	0.000344	0.846079	0.040658141852	0.000972	0.625589	0.155373575942	0.000105	0.769731	0.0136411291737	0.001237	0.776584	0.159287340455	0.004499	0.814418	0.552419028067	0.004587	0.820059	0.559349997988	0.00312	0.813907	0.383336179686	0.002631	0.841758	0.312560141989	0.005363	0.807879	0.663837035002	0.00063	0.822798	0.0765680033252	0.000465	0.861636	0.0539671044385	0.001566	0.757838	0.206640469335	0.000746	0.775905	0.096145791044	0.00034	0.878304	0.0387109702335	1e-06	0.892261	0.000112074830123	2e-06	0.852495	0.000234605481557	0.006711	0.902856	0.743307902921	0.01412	0.808631	1.74616110439	0.009883	0.82537	1.19740237712	0.012187	0.867831	1.40430567703	0.012324	0.859428	1.43397701727	1e-06	0.935812	0.000106859069984	
Sphaerobacter thermophilus	0.259210191399	0.383549115809	1.94173419117	1.37452031653	1.95753178504e-05	1.95753178504e-05	-1.68252399977	-2.35815634398	-1.00689165557		0.00401	0.778531	0.515072617532	0.002166	0.747344	0.289826371791	0.001561	0.613682	0.254366267872	0.002529	0.650786	0.388607007526	0.000969	0.772173	0.125490013248	0.003735	0.762772	0.48966139292	0.001103	0.853421	0.129244534644	0.007558	0.751409	1.00584368832	0.001794	0.603498	0.297266933776	0.00179	0.846079	0.211564168358	0.011432	0.625589	1.82739786026	2e-06	0.769731	0.00025983103188	0.0	0.776584	0.0	0.001188	0.814418	0.145871039196	0.000461	0.820059	0.0562154674237	0.003301	0.813907	0.405574592675	0.000412	0.841758	0.0489451837702	0.000621	0.807879	0.0768679468089	0.000767	0.822798	0.0932185056356	0.000361	0.861636	0.0418970423706	0.001198	0.757838	0.158081278585	0.000958	0.775905	0.12346872362	0.00043	0.878304	0.0489579917659	0.0	0.892261	0.0	1.8e-05	0.852495	0.00211144933401	3.3e-05	0.902856	0.00365506791781	0.025654	0.808631	3.17252244843	0.03139	0.82537	3.80314283291	0.01071	0.867831	1.23411124977	0.012881	0.859428	1.49878756568	1e-06	0.935812	0.000106859069984	
Sphingomonas wittichii	0.127269833348	0.251203998585	1.91851590691	1.08835428964	6.60446710661e-08	6.60446710661e-08	-1.79124607356	-2.30128921047	-1.28120293666		0.00011	0.778531	0.014129174047	1.8e-05	0.747344	0.00240852940547	0.000196	0.613682	0.0319383654727	0.000878	0.650786	0.134913781182	1.5e-05	0.772173	0.00194256986453	6.6e-05	0.762772	0.00865265111986	0.000716	0.853421	0.0838976308293	0.000585	0.751409	0.0778537387761	7e-06	0.603498	0.00115990442388	4e-06	0.846079	0.000472769091302	1.5e-05	0.625589	0.00239774036948	0.00633	0.769731	0.8223652159	0.001593	0.776584	0.205129129624	1.8e-05	0.814418	0.00221016726055	0.002306	0.820059	0.281199279564	0.000201	0.813907	0.0246956961913	0.000111	0.841758	0.0131866878604	4.8e-05	0.807879	0.00594148381131	1.1e-05	0.822798	0.00133690164536	6e-06	0.861636	0.000696349734691	0.003844	0.757838	0.507232416427	0.007621	0.775905	0.982207873387	0.000827	0.878304	0.0941587423033	5e-06	0.892261	0.000560374150613	7.1e-05	0.852495	0.00832849459528	0.0	0.902856	0.0	0.022584	0.808631	2.79286844061	0.02516	0.82537	3.04832983995	0.01353	0.867831	1.55905930993	0.018835	0.859428	2.19157393057	7e-06	0.935812	0.000748013489889	
Staphylothermus hellenicus	0.0048371713124	0.0108131135491	0.0422520762717	0.0845041525435	0.0449050317536	0.0449050317536	-0.0374149049593	-0.0739204454429	-0.000909364475733		3.2e-05	0.778531	0.00411030517731	8e-06	0.747344	0.00107045751354	0.000114	0.613682	0.0185763962443	5e-06	0.650786	0.000768301715157	1.6e-05	0.772173	0.00207207452216	2e-06	0.762772	0.000262201549087	0.0	0.853421	0.0	0.0	0.751409	0.0	9e-06	0.603498	0.00149130568784	2e-06	0.846079	0.000236384545651	3e-06	0.625589	0.000479548073895	1e-06	0.769731	0.00012991551594	4.8e-05	0.776584	0.00618091539357	1.4e-05	0.814418	0.00171901898043	1e-05	0.820059	0.00121942445605	3e-06	0.813907	0.000368592480468	9.7e-05	0.841758	0.0115235020041	3.2e-05	0.807879	0.00396098920754	1.8e-05	0.822798	0.00218765723786	2.1e-05	0.861636	0.00243722407142	0.0	0.757838	0.0	0.0	0.775905	0.0	0.000474	0.878304	0.0539676467373	0.000114	0.892261	0.012776530634	1e-06	0.852495	0.000117302740779	1e-06	0.902856	0.000110759633873	0.0	0.808631	0.0	0.0	0.82537	0.0	0.0	0.867831	0.0	0.0	0.859428	0.0	0.001977	0.935812	0.211260381359	
Staphylothermus marinus	0.003232432076	0.0107424046348	0.0377853671464	0.0755707342928	0.0404546832158	0.0404546832158	-0.0345529350704	-0.0674977260211	-0.00160814411966		1e-06	0.778531	0.000128447036791	0.0	0.747344	0.0	2e-06	0.613682	0.000325901688497	1e-06	0.650786	0.000153660343031	0.0	0.772173	0.0	0.0	0.762772	0.0	0.0	0.853421	0.0	0.0	0.751409	0.0	1e-05	0.603498	0.00165700631982	0.0	0.846079	0.0	1e-06	0.625589	0.000159849357965	1e-06	0.769731	0.00012991551594	7.3e-05	0.776584	0.00940014216105	1e-06	0.814418	0.00012278707003	0.0	0.820059	0.0	0.0	0.813907	0.0	7e-06	0.841758	0.000831592928134	2e-06	0.807879	0.000247561825471	0.0	0.822798	0.0	1.5e-05	0.861636	0.00174087433673	0.0	0.757838	0.0	2e-06	0.775905	0.000257763514863	0.000479	0.878304	0.0545369257114	0.000127	0.892261	0.0142335034256	1e-06	0.852495	0.000117302740779	0.0	0.902856	0.0	0.0	0.808631	0.0	0.0	0.82537	0.0	0.0	0.867831	0.0	0.0	0.859428	0.0	0.001768	0.935812	0.188926835732	
Syntrophobacter fumaroxidans	0.0146824914658	0.0144321635968	0.000756914946495	0.000551697115346	0.0458332478829	0.0458332478829	0.0139255765193	0.000275616437499	0.0275755366012		3.6e-05	0.778531	0.00462409332448	0.000148	0.747344	0.0198034640005	5.9e-05	0.613682	0.00961409981065	0.000194	0.650786	0.0298101065481	8.1e-05	0.772173	0.0104898772684	3.3e-05	0.762772	0.00432632555993	4e-06	0.853421	0.000468701848209	1.7e-05	0.751409	0.0022624163405	0.00018	0.603498	0.0298261137568	0.000136	0.846079	0.0160741491043	0.000238	0.625589	0.0380441471957	0.0	0.769731	0.0	1.9e-05	0.776584	0.00244661234329	7.8e-05	0.814418	0.00957739146237	0.0004	0.820059	0.0487769782418	7.6e-05	0.813907	0.00933767617185	0.000206	0.841758	0.0244725918851	3.1e-05	0.807879	0.00383720829481	6.9e-05	0.822798	0.00838601941181	0.000173	0.861636	0.0200780840169	0.000304	0.757838	0.0401141140983	2.4e-05	0.775905	0.00309316217836	0.00035	0.878304	0.0398495281816	1e-06	0.892261	0.000112074830123	1e-06	0.852495	0.000117302740779	5.6e-05	0.902856	0.00620253949689	7e-06	0.808631	0.000865660604157	5e-06	0.82537	0.000605788918909	4e-06	0.867831	0.000460919234275	1.5e-05	0.859428	0.00174534690515	1e-06	0.935812	0.000106859069984	
Thalassolituus oleivorans	0.280843808067	0.48198525082	4.59309596614	5.03894959564	0.000285726465245	0.000285726465245	-4.31225215808	-6.45105179763	-2.17345251852		0.000326	0.778531	0.0418737339939	0.000249	0.747344	0.033317990109	3.8e-05	0.613682	0.00619213208144	0.000418	0.650786	0.0642300233871	0.000454	0.772173	0.0587951145663	0.000166	0.762772	0.0217627285742	0.001974	0.853421	0.231304362091	0.000185	0.751409	0.0246204131172	4.8e-05	0.603498	0.00795363033515	0.001366	0.846079	0.16145064468	1.5e-05	0.625589	0.00239774036948	0.012858	0.769731	1.67045370396	0.015442	0.776584	1.98845198974	0.001472	0.814418	0.180742567085	0.00273	0.820059	0.3329028765	0.000727	0.813907	0.0893222444333	0.000444	0.841758	0.0527467514416	0.001347	0.807879	0.166732889455	0.002415	0.822798	0.293510679413	0.002571	0.861636	0.298385861315	0.001188	0.757838	0.156761735358	0.000759	0.775905	0.0978212538906	0.000417	0.878304	0.0474778664335	2.7e-05	0.892261	0.00302602041331	0.006832	0.852495	0.801412324999	0.004228	0.902856	0.468291732015	0.004094	0.808631	0.506287787631	0.011987	0.82537	1.45231835419	0.109994	0.867831	12.6745875637	0.07161	0.859428	8.33228612519	0.0	0.935812	0.0	
Thermomicrobium roseum	0.169834055109	0.188599206507	0.92739729037	0.79315745734	0.000272531193762	0.000272531193762	-0.757563235262	-1.13173044364	-0.383396026886		0.00222	0.778531	0.285152421676	0.002114	0.747344	0.282868397953	0.001031	0.613682	0.16800232042	0.000642	0.650786	0.0986499402261	0.000825	0.772173	0.106841342549	0.002448	0.762772	0.320934696082	0.00026	0.853421	0.0304656201336	0.00427	0.751409	0.568265751408	0.001339	0.603498	0.221873146224	0.000968	0.846079	0.114410120095	0.003697	0.625589	0.590963076397	1.4e-05	0.769731	0.00181881722316	1.3e-05	0.776584	0.00167399791909	0.00064	0.814418	0.0785837248194	7.5e-05	0.820059	0.00914568342034	0.00228	0.813907	0.280130285155	6.9e-05	0.841758	0.0081971302916	0.000106	0.807879	0.01312077675	0.001372	0.822798	0.166748096131	2.7e-05	0.861636	0.00313357380611	0.003444	0.757838	0.45445068735	0.004271	0.775905	0.550453985991	0.000506	0.878304	0.0576110321711	1e-06	0.892261	0.000112074830123	1.3e-05	0.852495	0.00152493563012	5e-06	0.902856	0.000553798169365	0.013021	0.808631	1.61025238953	0.017342	0.82537	2.10111828634	0.003408	0.867831	0.392703187602	0.00458	0.859428	0.532912588373	0.0	0.935812	0.0	
Tistrella mobilis	0.0396301483324	0.09392431499	0.164535575399	0.104499268864	0.0150398012743	0.0150398012743	-0.124905427067	-0.223734778941	-0.0260760751928		0.000356	0.778531	0.0457271450976	7.5e-05	0.747344	0.0100355391894	0.00045	0.613682	0.0733278799117	0.000673	0.650786	0.10341341086	0.000235	0.772173	0.0304335945442	7.3e-05	0.762772	0.00957035654167	0.000418	0.853421	0.0489793431378	0.000178	0.751409	0.0236888299182	8.3e-05	0.603498	0.0137531524545	0.000103	0.846079	0.012173804101	0.000135	0.625589	0.0215796633253	0.000261	0.769731	0.0339079496603	5.9e-05	0.776584	0.00759737517126	8e-06	0.814418	0.000982296560243	0.004024	0.820059	0.490696401113	1.6e-05	0.813907	0.00196582656249	8e-06	0.841758	0.000950391917867	2e-06	0.807879	0.000247561825471	4.8e-05	0.822798	0.0058337526343	4.2e-05	0.861636	0.00487444814284	0.000136	0.757838	0.0179457878861	1.1e-05	0.775905	0.00141769933175	0.000607	0.878304	0.0691104674464	1e-06	0.892261	0.000112074830123	1e-05	0.852495	0.00117302740779	8e-06	0.902856	0.000886077070984	0.000838	0.808631	0.103631940898	0.001625	0.82537	0.196881398645	0.002673	0.867831	0.308009278304	0.001835	0.859428	0.21351410473	6e-06	0.935812	0.000641154419905	
VIRALSTROMATOLITE_SMPL_SRX000221_HBCSTROMBAHAMASVIR011105	5.2235452314	5.46811820515	20.2292688611	26.6469661412	0.0176813475511	0.0176813475511	-15.0057236297	-27.2063306563	-2.80511660309		0.113305	0.778531	14.5536915036	0.051548	0.747344	6.8974929885	0.120869	0.613682	19.6957055935	0.093209	0.650786	14.3225269136	0.1108	0.772173	14.349116066	0.05969	0.762772	7.82540523249	0.035165	0.853421	4.12047512306	0.053031	0.751409	7.05754123254	0.074297	0.603498	12.3110598544	0.044145	0.846079	5.21759788389	0.046468	0.625589	7.42787996592	0.0	0.769731	0.0	0.039896	0.776584	5.13737084462	0.008953	0.814418	1.09931263798	0.0	0.820059	0.0	0.01123	0.813907	1.37976451855	0.0	0.841758	0.0	0.008019	0.807879	0.992599139228	0.016146	0.822798	1.96232854236	0.012417	0.861636	1.44109577594	0.018317	0.757838	2.41700732874	0.016737	0.775905	2.15709397413	0.037471	0.878304	4.26629048712	0.010536	0.892261	1.18082041017	0.0	0.852495	0.0	0.0	0.902856	0.0	0.058099	0.808631	7.1848593487	0.06097	0.82537	7.38699007718	0.039996	0.867831	4.60873142351	0.073083	0.859428	8.50367919128	0.687467	0.935812	73.4620842648	
